acara deklarasi ini dimulai dengan shalat subuh berjamaah tahlil dan dzikir dilanjutkan dengan tausiyah dukungan ini amanat yang harus saya jalankan khmarufamin marufamin jokowi jokowiamin jokowilagi dukungan deklarasi depok;1
airinnz untuk para timses dan relawan jokowi jangan lupa pilpres tinggal bulan lagi di butuhkan kerja nyata timses dan;1
aktivitasjokowi gempar dpw pan kalsel dukung jokowi maruf amin heboh;1
akun indonesia yang paling banyak dibicarakan akun pak presiden jokowi menjadi yg terbaik apakah ini;1
aliansi relawan jokowi janjikan juta posko pemenangan;1
analisis ngawur ttg pilpres jokowi menang gt pihak sebelah demoada kecurangandari dpt sampai media di obok;1
ariesukray maspiyuu itulah seni berperang jokowi harusnya hrs dideportasi ke indonesia krna sdh melebihi ijin tinggal kenapa tdk dipulangkan krna ada kongkalikong antara pemerintah indonesia dg saudi jika dipulangkan sblm pilpres dia hnya bikin keributan ya di tahan dulu disana;0
aryaygk gempar dpw pan kalsel dukung jokowi maruf amin heboh;1
badan santri republik indonesia manifesto membantu djoko widodo maruf memenuhi nih santri fsi dukungan jokowilagi koqccw gaqqvw indonesiabarokah;1
badan santri ri pernyataan mengangkat joko widodo maruf mengizinkan nih santri fsi dukungan jokowilagi koqccw gaqqvw indonesiabarokah;1
badjanuswantara gempar dpw pan kalsel dukung jokowi maruf amin heboh;1
bangmunawar hanumrais zulhasan officialpan rizmawidiono chchotimah asapardan aprilialin dwiyanadkm airinnz badjanuswantara jgn ngimpi trs bro pilpres dl aja koalisi kecil jokowi bisa memenangkan pilpres melawan koalisi gendut prabowo apalagi skrg koalisi jokowi udah gede prestasi didukung rakyat dan kepala daerah jokowi menang telak;1
berita sandiaga pilpres seperti main basket kalah dulu menang kemudian pemilu;1
berita terbaru aliansi relawan jokowi targetkan juta posko pemenangan telah ada di;1
berita terbaru sandiaga sektor pertanian prioritas penting ciptakan lapangan kerja telah ada di;1
bismillahirraahmanirrahiim alhamdulillah pagi hari ini ulama dan warga muslim kota depok mendeklarasikan dukungan pilpres kepada saya dan pak jokowi di rumah situbondo khmarufamin marufamin jokowi jokowiamin jokowilagi deklarasi;1
breaking news dpw pan kalimantan selatan resmi menyatakan dukungan kepada jokowi maruf di pilpres;1
budimandjatmiko bercerai dengan istri bukan prestasi live sujud syukur kemenangan pilpres bukan prestasi grasa grusu bukan prestasi bilang hulaihi bukan prestasitrus apa yg bisa kalian tawarkan ke saya untuk pilih prabowo;0
calon wakil presiden amin optimistis bisa menang di dki jakarta saat pilpres digelar pada mendatang rakyatinginjokowimenang;1
capres sebelah makin kejang kejang ribuan habib dan uztaz deklarasi dukung jokowimaruf amin di pilpres;1
cintaku pas pilpres doang jokowikeluargaharmonis;1
crishnady kiai dan pengurus pesantren seindonesia dukung jokowimaruf amin muslimpilihjokowi mahesatiwi diahbelia;1
crishnady ponpes jabar dukung jokowi di pilpres muslimpilihjokowi mahesatiwidiahbelia fsilolongan;1
cumasupir saya sebagai supir saya dukung jokowi untuk periode berikutnya kenapa karena logika saya menyatakan;1
cumasupir saya sebagai supir saya dukung jokowi untuk periode kenapa karena logika saya;1
dan waktu pilpres kmrn itu diraup jokowi dengan koalisi yg apa adanya ya melawan koalisi merah putih yg terdiri dari besar jadi hemat saya ya jokowi bakal menang mudah kali ini;1
dennyjaworld betul pakjokowi memang paling sederhana sampai sepatunya harga jutaansakin islami nya nyebut lakawa;0
dewan santri republik indonesia persiaran memikul jokowi widodo maruf mengijabkan nih santri fsi dukungan jokowilagi koqccw gaqqvw indonesiabarokah;1
dkibanten jogja dan jabar jokowi kalah signifikan kini hanya tinggal dipulau jawa yaitu jateng dan jatim biasanya hasil pilkada persis sama dengan hasil pilpres tahun nanti jokowi menang;1
dukungan untuk pasangan bpk jokowi dan maruf amin terus bertambah demokrat papua ikat suara untuk jokowi di pilpres koalisiindonesiakerja;1
emang nyata adanya para cebong yang super lebay ketika ketemu kampret garis keras semua kata kotor dan penyerangan thd fisik tidak terelakkan lagi dan inti dari persaingan pilpres yg sehat jadi tidak relevan lagi krn banyak pendukungbuzzer yang hanya mau bikin rame aja;1
forum santri endonesia deklarasi mendkg jkowi maruf aamiin niyh santri fsi dukungan jokowilagi koqccw gaqqvw indonesiabarokah;1
forum santri endonesia deklarasi mendkg jkw maruf aamiin niech santri fsi dukungan jokowilagi koqccw gaqqvw indonesiabarokah;1
forum santri endonesia deklarasi mendkungmu jkw maruf aamiin nich santri fsi dukungan jokowilagi koqccw gaqqvw indonesiabarokah;1
forum santri endonesia deklarasi mendungkung jkw maruf aamiin nich santri fsi dukungan jokowilagi koqccw gaqqvw indonesiabarokah;1
forum santri endonesia deklarasi mndukung jkowi maruf aamiin niyh santri fsi dukungan jokowilagi koqccw gaqqvw indonesiabarokah;1
forum santri endonesia deklarasi ngedukung jkowi maruf aamiin niech santri fsi dukungan jokowilagi koqccw gaqqvw indonesiabarokah;1
forum santri endonesia deklarasi ngedukung jkw maruf aamiin niech santri fsi dukungan jokowilagi koqccw gaqqvw indonesiabarokah;1
forum santri indonesia deklarasi mendukung jokowi maruf amin nih santri fsi dukungan jokowilagi koqccw gaqqvw indonesiabarokah;1
gempar dpw pan kalsel dukung jokowi maruf amin heboh;1
gempar dpw pan kalsel dukung jokowimembangunindonesia maruf amin heboh;1
gempar dpw pan kalsel dukung jokowipresidenku maruf amin heboh;1
gerindra dari dulu ga mau ngetweet tentang pilpres tapi setelah liat tweet ini tetap jokowi;1
halimteuku absolutly bang ferdinand ferdinanthaean di atas kertas jokowi sdh menang mrk tak perlu biaya kampanye;1
hidayatabd duapriode budimandjatmiko jokowi pileg pilih pdip tdk ada caleg mantan koruptor bersih semua pilpres pilih jokowi sdh terbukti prestasinya yg lain masih hoax doang;1
ireneviena jika pilpres jujur adil jumlah pemilih jokowimaruf amin paling banyak juta pemilih dari juta pemilih;1
jangan salah kalau jokowi tdk ambil kh maruf amin sbg wakilnya sdh pasti kalah dgn paslon prabowo sandi malah diuntungkan krn suara nu mayoriras ke pada pilpres;1
jokowi di serang isu pki sudah ada sejak pilpres bahkan mau pilpres lgi pk jokowi di serang isu pki ini cara politik kotor yg di main kan oleh lawan politik nya pk jokowi untuk menjatuh kan pk jokowi;1
jokowi insya allah setelah pilpres bapak banyak waktu bersama mereka bersama keluarga biarlah negara yg mengurus mas prabowo dan bang sandiuno;1
jokowi kaesangp video waktu gubernur dki lalu menang pilpres hebat dong ngalahin prabowo;1
jokowi salam sukses pak jokowi smg kesuksesan dlm klrg jg bisa menular pd pilpres amiin;1
rizmawidiono gempar dpw pan kalsel dukung jokowi maruf amin heboh;1
saya sebagai supir saya dukung jokowi untuk periode berikutnya kenapa karena logika saya menyatakan jokowi adalah opsi terbaik untuk sekarang jokowi bukan pilihan sempurna tapi kondisi utk beliau jauh lebih baik dibandingkan yang lain;1
sekali lagi pakrakyat gak makan tol dan tol bayar nya mahal aja bangga begitulah cuitan mereka yang sudah tidak menyukai mu kita mah bangga jokowipresidenku rekanjokowiriau ayoteruskerja indonesiakuat pemiludamai presidenjokowi;1
selamat malam tuips dengan pendekatan dari hati ke hati tetangga mulai terbuka untuk pilih bpk jokowi di pilpres;1
serius kalo seorang prabowo bisa bantu persib supaya ga dicurangi mulu federasigw rela dukung dia di pilpres persib lebih dari politik;1
siap memenangkan jokowi pd pilpres menjaga nkri dan pancasila syarifjogja igodevan dulatips maklambeturah;1
sidang santri republik indonesia maklumat membagul jokowi widodo maruf mengasese nih santri fsi dukungan jokowilagi koqccw gaqqvw indonesiabarokah;1
tirtoid kalau pilpres besok secara regional dki menang prabowo udah fix sih emang perlu direcovery;1
tokohtokoh ini dulu dukung prabowo sekarang mendukung total kemenangan jokowi pada pilpres jokowilagi httpstcoislklsrzkz;1
tokohtokoh ini dulu dukung prabowo sekarang mendukung total kemenangan jokowi pada pilpres jokowilagi;1
votingpresiden voting presiden capres pilpres ri periode timses joko widodo maruf amin like;1
wiradisuta budimandjatmiko yg tim banggakan kinerja jokowi yg tim kritik kinerja jokowi hanya ttg jokowi;1
ya saya tentu sangat berterima kasih bersyukur kehadiran para habaib ulama dari berbagai daerah yang memberikan dukungan pada saya dan pak jokowi untuk supaya kami berhasilnya dalam pilpres yang akan datang kata maruf;1
yradianto asapardan woelann vstonekardol rekansaber mahesatiwi semoga terus meningkatt dukungan dan doa untuk president kita irh joko widodo untuk memenangkan kembali pilpres aaminn ya rabbal allamin;1
relawan barisan nusantara mendeklarasikan dukungan untuk pemenangan pasangan caprescawapres nomor urut jokowi dan amin dalam pilpres;1
relawan pendukung khofifah indar parawansa emil elistyanto dardak di pilkada jawa timur berevolusi menjadi relawan pendukung jokowimaruf amin di pilpres mendatang rakyatinginjokowimenang;1
reynoldxiv jokowi kaesangp sabar broo keknya yg menang polling jokowi deh coba googling broo biar gak blunder;1
ramlirizal jokowi bisa menang pak kan belum pilpres jadi ga tau hee bikinindonesiamaju indonesiamaju jokowilagi kerjakita;1
reaksi jk soal jadi pasangan ideal jokowi di pilpres;1
mantap pak jokowi jokowiamin presiden indonesia jokowi;1
maruf amin elektabilitas jokowi naik persen jika sudah serius kampanye;1
maruf amin minta para santri tangkal isu jokowi pki;1
mascepuk capres sebelah makin kejang kejang ribuan habib dan uztaz deklarasi dukung jokowimaruf amin di pilpres;1
menambah kekuatan sekaligus jadi energi positif untuk memenangkan pilpres depok adalah wilayah strategis yang harus mendapatkan perhatian khmarufamin marufamin jokowi jokowiamin jokowilagi dukungan deklarasi depok;1
menjelang pilpres kampret melempar umpan dan cebong memakannya membabi buta belajarlah dari yang sudahsudah;1
milenialis presiden dan calon presiden petahana joko widodo jokowi akhirnya memilih ketua majelis ulama indonesia amin;1
musyawarah santri republik indonesia manifesto membantu jokowi widodo maruf mengabulkan nih santri fsi dukungan jokowilagi koqccw gaqqvw indonesiabarokah;1
nu mendukung sepenuhnya jokowi pada pilpres muslimpilihjokowi;1
nyatanya di pilpres jokowi masih menjadi capres favorit umat islam;1
partaisocmed insha alloh pendukung jokowi yg tak bersuara masih banyak mereka umumnya sudah menjatuhkan pilihannya tanpa masuk ke hiruk pikuk pilpres;1
partaisocmed pada pilpres jokowi bikin positioning yg jelas dgn mengatakan saya jokowi bagian dari islam yang rahmatan lil;1
passlantang twitfarid pendudukwarga negara indonesia asli itu kepribadian tinggi dan tidak mudah digoblokin untuk pilpres saya yakin dan pastikaninsyaallah lebih banyak yg pilih prabowo sandiamin;1
pentas santri republik indonesia persiaran memikul joko widodo maruf memufakati nih santri fsi dukungan jokowilagi koqccw gaqqvw indonesiabarokah;1
pentas santri ri maklumat membantu joko widodo maruf mengasese nih santri fsi dukungan jokowilagi koqccw gaqqvw indonesiabarokah;1
pentas santri ri proklamasi membopong jokowi widodo maruf mengabulkan nih santri fsi dukungan jokowilagi koqccw gaqqvw indonesiabarokah;1
perbincangan santri republik indonesia pengumuman memanggul jokowi widodo maruf meluluskan nih santri fsi dukungan jokowilagi koqccw gaqqvw indonesiabarokah;1
ke tunjungan beli kupat sambil lalu baca puisi di pilpres jangan pilih capres yg psikopat pilih saja yang jujur jokowi;1
kelompok aktivis muhammadiyah yang menamakan diri rumah indonesia berkemajuan mendeklarasikan diri untuk mendukung pasangan calon presiden dan wakil presiden joko widodo atau jokowi dan maruf amin di pilpres;1
kemarin abah khmarufamin menerima kunjungan dari forum santri indonesia fsi di kediaman situbondo forum santri indonesia juga melakukan deklarasi dan menyatakan akan mendukung total saya dan presiden jokowi dalam pilpres jokowiamin jokowilagi;1
kenapa ya masi ada yang melihat golput adalah pilihan lebih baik dari pilih jokowi bro gw cuman ngasi tau aja nih ya pemimpin background militer kecenderungannya lebuh tidak demokratis jangan paksa ane ungkit era suharto atau sbyudhoyono deh pahit;1
ketua umum pp romahurmuziy yakin bahwa pasangan jokowimaruf bakalan menang di pilpres dari lawannya prabowosandi;1
lieppin saya juga viking tapi ga usah di kait kaitkan dg pilpres toh jokowi juga tinggal di jakartapikir pake hati masalah pilpres mah;1
kesehatan selalu bersama bpk presiden;1
maju gentar presiden jokowi indonesiabersatukuat;1
jokowi terdepan;1
salut pak jokowibangga presiden;1
selamat sore andikeluarga bahagia selamat berlibur menikmati mulusnya jalan tol yg dibangun era jokowi;1
kami pendukung jokowi sadar klau kubu kehabisan berpolitik santun anda kubu kemampuan nya stadium mendekati kepunahan;1
analisafakta sarjanalawak jagajokowi nasdem terimakasih jokowi;1
badan santri ri pernyataan mengangkat joko widodo maruf mengizinkan nih santri fsi dukungan jokowilagi koqccw gaqqvw indonesiabarokah;1
forum santri indonesia deklarasi mendukung jokowi maruf amin nih santri fsi dukungan jokowilagi koqccw gaqqvw indonesiabarokah;1
dewan santri republik indonesia persiaran memikul jokowi widodo maruf mengijabkan nih santri fsi dukungan jokowilagi koqccw gaqqvw indonesiabarokah;1
musyawarah santri republik indonesia manifesto membantu jokowi widodo maruf mengabulkan nih santri fsi dukungan jokowilagi koqccw gaqqvw indonesiabarokah;1
forum santri endonesia deklarasi mendkg jkowi maruf aamiin niyh santri fsi dukungan jokowilagi koqccw gaqqvw indonesiabarokah;1
pentas santri ri proklamasi membopong jokowi widodo maruf mengabulkan nih santri fsi dukungan jokowilagi koqccw gaqqvw indonesiabarokah;1
sidang santri republik indonesia maklumat membagul jokowi widodo maruf mengasese nih santri fsi dukungan jokowilagi koqccw gaqqvw indonesiabarokah;1
forum santri endonesia deklarasi ngedukung jkw maruf aamiin niech santri fsi dukungan jokowilagi koqccw gaqqvw indonesiabarokah;1
badan santri republik indonesia manifesto membantu djoko widodo maruf memenuhi nih santri fsi dukungan jokowilagi koqccw gaqqvw indonesiabarokah;1
forum santri endonesia deklarasi mendkg jkw maruf aamiin niech santri fsi dukungan jokowilagi koqccw gaqqvw indonesiabarokah;1
perbincangan santri republik indonesia pengumuman memanggul jokowi widodo maruf meluluskan nih santri fsi dukungan jokowilagi koqccw gaqqvw indonesiabarokah;1
forum santri endonesia deklarasi ngedukung jkowi maruf aamiin niech santri fsi dukungan jokowilagi koqccw gaqqvw indonesiabarokah;1
pentas santri republik indonesia persiaran memikul joko widodo maruf memufakati nih santri fsi dukungan jokowilagi koqccw gaqqvw indonesiabarokah;1
forum santri endonesia deklarasi mendungkung jkw maruf aamiin nich santri fsi dukungan jokowilagi koqccw gaqqvw indonesiabarokah;1
pentas santri ri maklumat membantu joko widodo maruf mengasese nih santri fsi dukungan jokowilagi koqccw gaqqvw indonesiabarokah;1
forum santri endonesia deklarasi mndukung jkowi maruf aamiin niyh santri fsi dukungan jokowilagi koqccw gaqqvw indonesiabarokah;1
badan santri ri pernyataan mengangkat joko widodo maruf mengizinkan nih santri fsi dukungan jokowilagi koqccw gaqqvw indonesiabarokah;1
prihatin sekali ketiks jokowi di isuekan pki terlambat sudah mengklarifikasi isu itu sebab sudah nencapai yg percaya bahwa isu itu dlbenar kenapa ngga dari awal isu itu sangat besar nilainya terhadap pilpres kali ini sangat prihatin sekali;1
forum santri endonesia deklarasi mendkungmu jkw maruf aamiin nich santri fsi dukungan jokowilagi koqccw gaqqvw indonesiabarokah;1
berita terbaru aliansi relawan jokowi targetkan juta posko pemenangan telah ada di;1
emang nyata adanya para cebong yang super lebay ketika ketemu kampret garis keras semua kata kotor dan penyerangan thd fisik tidak terelakkan lagi dan inti dari persaingan pilpres yg sehat jadi tidak relevan lagi krn banyak pendukungbuzzer yang hanya mau bikin rame aja;1
reaksi jk soal jadi pasangan ideal jokowi di pilpres;1
tirtoid kalau pilpres besok secara regional dki menang prabowo udah fix sih emang perlu direcovery;1
jokowi kaesangp video waktu gubernur dki lalu menang pilpres hebat dong ngalahin prabowo;1
jokowi di serang isu pki sudah ada sejak pilpres bahkan mau pilpres lgi pk jokowi di serang isu pki ini cara politik kotor yg di main kan oleh lawan politik nya pk jokowi untuk menjatuh kan pk jokowi;1
akun indonesia yang paling banyak dibicarakan akun pak presiden jokowi menjadi yg terbaik apakah ini;1
jokowifacts gempar dpw pan kalsel dukung jokowikeluargaharmonis maruf amin heboh;1
gempar dpw pan kalsel dukung jokowimembangunindonesia maruf amin heboh;1
gempar dpw pan kalsel dukung jokowipresidenku maruf amin heboh;1
reynoldxiv jokowi kaesangp sabar broo keknya yg menang polling jokowi deh coba googling broo biar gak blunder;1
badjanuswantara gempar dpw pan kalsel dukung jokowi maruf amin heboh;1
kelompok aktivis muhammadiyah yang menamakan diri rumah indonesia berkemajuan mendeklarasikan diri untuk mendukung pasangan calon presiden dan wakil presiden joko widodo atau jokowi dan maruf amin di pilpres;1
aryaygk gempar dpw pan kalsel dukung jokowi maruf amin heboh;1
gempar dpw pan kalsel dukung jokowi maruf amin heboh;1
rizmawidiono gempar dpw pan kalsel dukung jokowi maruf amin heboh;1
aktivitasjokowi gempar dpw pan kalsel dukung jokowi maruf amin heboh;1
bangmunawar hanumrais zulhasan officialpan rizmawidiono chchotimah asapardan aprilialin dwiyanadkm airinnz badjanuswantara jgn ngimpi trs bro pilpres dl aja koalisi kecil jokowi bisa memenangkan pilpres melawan koalisi gendut prabowo apalagi skrg koalisi jokowi udah gede prestasi didukung rakyat dan kepala daerah jokowi menang telak;1
maruf amin elektabilitas jokowi naik persen jika sudah serius kampanye;1
airinnz untuk para timses dan relawan jokowi jangan lupa pilpres tinggal bulan lagi di butuhkan kerja nyata timses dan;1
dan waktu pilpres kmrn itu diraup jokowi dengan koalisi yg apa adanya ya melawan koalisi merah putih yg terdiri dari besar jadi hemat saya ya jokowi bakal menang mudah kali ini;1
kenapa ya masi ada yang melihat golput adalah pilihan lebih baik dari pilih jokowi bro gw cuman ngasi tau aja nih ya pemimpin background militer kecenderungannya lebuh tidak demokratis jangan paksa ane ungkit era suharto atau sbyudhoyono deh pahit;1
hidayatabd duapriode budimandjatmiko jokowi pileg pilih pdip tdk ada caleg mantan koruptor bersih semua pilpres pilih jokowi sdh terbukti prestasinya yg lain masih hoax doang;1
ke tunjungan beli kupat sambil lalu baca puisi di pilpres jangan pilih capres yg psikopat pilih saja yang jujur jokowi;1
nyatanya di pilpres jokowi masih menjadi capres favorit umat islam;1
siap memenangkan jokowi pd pilpres menjaga nkri dan pancasila syarifjogja igodevan dulatips maklambeturah;1
tokohtokoh ini dulu dukung prabowo sekarang mendukung total kemenangan jokowi pada pilpres jokowilagi httpstcoislklsrzkz;1
aliansi relawan jokowi janjikan juta posko pemenangan;1
tokohtokoh ini dulu dukung prabowo sekarang mendukung total kemenangan jokowi pada pilpres jokowilagi;1
tokohtokoh ini dulu dukung prabowo sekarang mendukung total kemenangan jokowi pada pilpres jokowilagi;1
serius kalo seorang prabowo bisa bantu persib supaya ga dicurangi mulu federasigw rela dukung dia di pilpres persib lebih dari politik;1
zwolftenaugust sumbernya titik pemerintah salahin tuh jokowi dukung deh tuh hashtag;0
rizkidwiirfan cakkhum permainan curang untuk pilpres dan pileg kedepan cebong melompat pasti nyungsep;0
budimandjatmiko bercerai dengan istri bukan prestasi live sujud syukur kemenangan pilpres bukan prestasi grasa grusu bukan prestasi bilang hulaihi bukan prestasitrus apa yg bisa kalian tawarkan ke saya untuk pilih prabowo;0
ariesukray maspiyuu itulah seni berperang jokowi harusnya hrs dideportasi ke indonesia krna sdh melebihi ijin tinggal kenapa tdk dipulangkan krna ada kongkalikong antara pemerintah indonesia dg saudi jika dipulangkan sblm pilpres dia hnya bikin keributan ya di tahan dulu disana;0
rizkidwiirfan cakkhum permainan curang untuk pilpres dan pileg kedepan cebong melompat pasti nyungsep;0
realforjkw gagal pilpres gagal rujuk;0
rajapurwa fahrihamzah terus bila seseorang yang mendadak agamis hanya waktu di pilpres apa namaa fuckpencitraan tahun kemana aja loe kampret jokowilagi;0
luhut panjaitan survei internal suara jokowimaruf masih lemah di banten;0
kalo misalkan di nanti maruf amin diganti si ahok durjana penista agama boleh gak gw berharap prabowo di ganti habib infomekkah;0
kalau ada mursyid atau kiai dukung jokowi gak saya gubris saya ikut arahanarahan cak nun sinyalsinyal cak nun sangat;0
jokowi setelah pilpres gak usah ngurus negara lagi lbh baik momong cucu aja;0
jokowi selamat pak jkw semoga bapak terhindar dari dan agar selamat menghantarkan negeri ini sampai pd pilprespileg dengan aman sehingga bapak bisa lebih banyak waktu bercengkrama dgn keluarga dan tidak disibukkan dgn urusan negara yg berat amin;0
dennyjaworld betul pakjokowi memang paling sederhana sampai sepatunya harga jutaansakin islami nya nyebut lakawa;0
budimandjatmiko bercerai dengan istri bukan prestasi live sujud syukur kemenangan pilpres bukan prestasi grasa grusu bukan prestasi bilang hulaihi bukan prestasitrus apa yg bisa kalian tawarkan ke saya untuk pilih prabowo;0
alvinolulu jokowi alhamdullilah trimakasih bpk jokowi yg gk paham dan sok paham baca;0
alvinbktgmgm jokowi guoblok pekok suasu bencana jik mikir politik wae utekmu mlengse;0
allamarijokowi ajarkan pelajaran ips ipa lupa ajaran ketuhanan kemanusiaan;0
alhamidichal rachlannashidik rockygerung rrabrusun pacekumisid hparel sudah pergatian kepemimpinan pemilu dasar bpk jokowi memimpin negri tidak baik;0
alhandulilah pesona jokowi sirna pas pencoblosan caprescawapres jokowi tinggal kalangkang doang;0
aliffattan ivanglno nongandah jokowi kalo solat pencitraan ga terima allah swt plus jkw jg ga memenuhi syarat jd imam tp maksain jd imam cekrek cekrek ga karuan pgn puji nya oposisi udah tobat kali klo jokowi ga karuan silahkan aj imam solat nya;0
alihalihpuji presiden jokowi saat kunjungi lokasi tsunami banten ferdinand hutahaean justru muak;0
alihalihpuji presiden jokowi saat kunjungi lokasi tsunami banten ferdinand hutahaean justru muak prayforbanten;0
alapsambernyawa jokowi seperti nya pisikiater;0
sangat berbahaya klu bapak jokowi terserang struke;0
stop mengolok tuhan sdh memperingatkan musibah banten sebelumnya palu lombok padang kebetulan daerah dimana jokowi kalah telak;0
akunkuasli jokowi kutu buku bro ada buku doraemon ada tomenjeri mau bukti setiap pidato baca buku;0
akunkuasli termasuk tokoh muslim sedunia jokowi tokoh muslim abalabal baca alfatihah dgn alpatekak saat;0
agungsandhi balitolakreklamasi jokowi;0
luhut panjaitan survei internal suara jokowimaruf masih lemah di banten;0
rizkidwiirfan cakkhum permainan curang untuk pilpres dan pileg kedepan cebong melompat pasti nyungsep;0
realforjkw gagal pilpres gagal rujuk;0
agungmsyeh manusiaesemka jokowi mo bantu kasih kuota tp sayang klo trnyata cm nyinyir;0
jokowi setelah pilpres gak usah ngurus negara lagi lbh baik momong cucu aja;0
dennyjaworld betul pakjokowi memang paling sederhana sampai sepatunya harga jutaansakin islami nya nyebut lakawa;0
abenasar ternyata berat bawahan jokowi gadaikan iman;0
alhandulilah pesona jokowi sirna pas pencoblosan caprescawapres jokowi tinggal kalangkang doang;0
aliffattan ivanglno nongandah jokowi kalo solat pencitraan ga terima allah swt plus jkw jg ga memenuhi syarat jd imam tp maksain jd imam cekrek cekrek ga karuan pgn puji nya oposisi udah tobat kali klo jokowi ga karuan silahkan aj imam solat nya;0
alihalihpuji presiden jokowi saat kunjungi lokasi tsunami banten ferdinand hutahaean justru muak;0
alihalihpuji presiden jokowi saat kunjungi lokasi tsunami banten ferdinand hutahaean justru muak prayforbanten;0
alapsambernyawa jokowi seperti nya pisikiater;0
sangat berbahaya klu bapak jokowi terserang struke;0
stop mengolok tuhan sdh memperingatkan musibah banten sebelumnya palu lombok padang kebetulan daerah dimana jokowi kalah telak;0
akunkuasli jokowi kutu buku bro ada buku doraemon ada tomenjeri mau bukti setiap pidato baca buku;0
akunkuasli termasuk tokoh muslim sedunia jokowi tokoh muslim abalabal baca alfatihah dgn alpatekak saat;0
agungsandhi balitolakreklamasi jokowi;0
luhut panjaitan survei internal suara jokowimaruf masih lemah di banten;0
rizkidwiirfan cakkhum permainan curang untuk pilpres dan pileg kedepan cebong melompat pasti nyungsep;0
realforjkw gagal pilpres gagal rujuk;0
agungmsyeh manusiaesemka jokowi mo bantu kasih kuota tp sayang klo trnyata cm nyinyir;0
jokowi setelah pilpres gak usah ngurus negara lagi lbh baik momong cucu aja;0
dennyjaworld betul pakjokowi memang paling sederhana sampai sepatunya harga jutaansakin islami nya nyebut lakawa;0
abenasar ternyata berat bawahan jokowi gadaikan iman;0
budimandjatmiko bercerai dengan istri bukan prestasi live sujud syukur kemenangan pilpres bukan prestasi grasa grusu bukan prestasi bilang hulaihi bukan prestasitrus apa yg bisa kalian tawarkan ke saya untuk pilih prabowo;0
ariesukray maspiyuu itulah seni berperang jokowi harusnya hrs dideportasi ke indonesia krna sdh melebihi ijin tinggal kenapa tdk dipulangkan krna ada kongkalikong antara pemerintah indonesia dg saudi jika dipulangkan sblm pilpres dia hnya bikin keributan ya di tahan dulu disana;0
rizkidwiirfan cakkhum permainan curang untuk pilpres dan pileg kedepan cebong melompat pasti nyungsep;0
realforjkw gagal pilpres gagal rujuk;0
rajapurwa fahrihamzah terus bila seseorang yang mendadak agamis hanya waktu di pilpres apa namaa fuckpencitraan tahun kemana aja loe kampret jokowilagi;0
luhut panjaitan survei internal suara jokowimaruf masih lemah di banten;0
kalo misalkan di nanti maruf amin diganti si ahok durjana penista agama boleh gak gw berharap prabowo di ganti habib infomekkah;0
kalau ada mursyid atau kiai dukung jokowi gak saya gubris saya ikut arahanarahan cak nun sinyalsinyal cak nun sangat;0
jokowi setelah pilpres gak usah ngurus negara lagi lbh baik momong cucu aja;0
jokowi selamat pak jkw semoga bapak terhindar dari dan agar selamat menghantarkan negeri ini sampai pd pilprespileg dengan aman sehingga bapak bisa lebih banyak waktu bercengkrama dgn keluarga dan tidak disibukkan dgn urusan negara yg berat amin;0
dennyjaworld betul pakjokowi memang paling sederhana sampai sepatunya harga jutaansakin islami nya nyebut lakawa;0
budimandjatmiko bercerai dengan istri bukan prestasi live sujud syukur kemenangan pilpres bukan prestasi grasa grusu bukan prestasi bilang hulaihi bukan prestasitrus apa yg bisa kalian tawarkan ke saya untuk pilih prabowo;0
alvinolulu jokowi alhamdullilah trimakasih bpk jokowi yg gk paham dan sok paham baca;0
alvinbktgmgm jokowi guoblok pekok suasu bencana jik mikir politik wae utekmu mlengse;0
allamarijokowi ajarkan pelajaran ips ipa lupa ajaran ketuhanan kemanusiaan;0
alhamidichal rachlannashidik rockygerung rrabrusun pacekumisid hparel sudah pergatian kepemimpinan pemilu dasar bpk jokowi memimpin negri tidak baik;0
alhandulilah pesona jokowi sirna pas pencoblosan caprescawapres jokowi tinggal kalangkang doang;0
aliffattan ivanglno nongandah jokowi kalo solat pencitraan ga terima allah swt plus jkw jg ga memenuhi syarat jd imam tp maksain jd imam cekrek cekrek ga karuan pgn puji nya oposisi udah tobat kali klo jokowi ga karuan silahkan aj imam solat nya;0
alihalihpuji presiden jokowi saat kunjungi lokasi tsunami banten ferdinand hutahaean justru muak;0
alihalihpuji presiden jokowi saat kunjungi lokasi tsunami banten ferdinand hutahaean justru muak prayforbanten;0
alapsambernyawa jokowi seperti nya pisikiater;0
alihalihpuji presiden jokowi saat kunjungi lokasi tsunami banten ferdinand hutahaean justru muak;0
alihalihpuji presiden jokowi saat kunjungi lokasi tsunami banten ferdinand hutahaean justru muak prayforbanten;0
alapsambernyawa jokowi seperti nya pisikiater;0
sangat berbahaya klu bapak jokowi terserang struke;0
stop mengolok tuhan sdh memperingatkan musibah banten sebelumnya palu lombok padang kebetulan daerah dimana jokowi kalah telak;0
akunkuasli jokowi kutu buku bro ada buku doraemon ada tomenjeri mau bukti setiap pidato baca buku;0
akunkuasli termasuk tokoh muslim sedunia jokowi tokoh muslim abalabal baca alfatihah dgn alpatekak saat;0
agungsandhi balitolakreklamasi jokowi;0
luhut panjaitan survei internal suara jokowimaruf masih lemah di banten;0
rizkidwiirfan cakkhum permainan curang untuk pilpres dan pileg kedepan cebong melompat pasti nyungsep;0
realforjkw gagal pilpres gagal rujuk;0
agungmsyeh manusiaesemka jokowi mo bantu kasih kuota tp sayang klo trnyata cm nyinyir;0
jokowi setelah pilpres gak usah ngurus negara lagi lbh baik momong cucu aja;0
dennyjaworld betul pakjokowi memang paling sederhana sampai sepatunya harga jutaansakin islami nya nyebut lakawa;0
abenasar ternyata berat bawahan jokowi gadaikan iman;0
budimandjatmiko bercerai dengan istri bukan prestasi live sujud syukur kemenangan pilpres bukan prestasi grasa grusu bukan prestasi bilang hulaihi bukan prestasitrus apa yg bisa kalian tawarkan ke saya untuk pilih prabowo;0
ariesukray maspiyuu itulah seni berperang jokowi harusnya hrs dideportasi ke indonesia krna sdh melebihi ijin tinggal kenapa tdk dipulangkan krna ada kongkalikong antara pemerintah indonesia dg saudi jika dipulangkan sblm pilpres dia hnya bikin keributan ya di tahan dulu disana;0
rizkidwiirfan cakkhum permainan curang untuk pilpres dan pileg kedepan cebong melompat pasti nyungsep;0
realforjkw gagal pilpres gagal rujuk;0
rajapurwa fahrihamzah terus bila seseorang yang mendadak agamis hanya waktu di pilpres apa namaa fuckpencitraan tahun kemana aja loe kampret jokowilagi;0
luhut panjaitan survei internal suara jokowimaruf masih lemah di banten;0
kalo misalkan di nanti maruf amin diganti si ahok durjana penista agama boleh gak gw berharap prabowo di ganti habib infomekkah;0
kalau ada mursyid atau kiai dukung jokowi gak saya gubris saya ikut arahanarahan cak nun sinyalsinyal cak nun sangat;0
jokowi setelah pilpres gak usah ngurus negara lagi lbh baik momong cucu aja;0
jokowi selamat pak jkw semoga bapak terhindar dari dan agar selamat menghantarkan negeri ini sampai pd pilprespileg dengan aman sehingga bapak bisa lebih banyak waktu bercengkrama dgn keluarga dan tidak disibukkan dgn urusan negara yg berat amin;0
dennyjaworld betul pakjokowi memang paling sederhana sampai sepatunya harga jutaansakin islami nya nyebut lakawa;0
budimandjatmiko bercerai dengan istri bukan prestasi live sujud syukur kemenangan pilpres bukan prestasi grasa grusu bukan prestasi bilang hulaihi bukan prestasitrus apa yg bisa kalian tawarkan ke saya untuk pilih prabowo;0
alihalihpuji presiden jokowi saat kunjungi lokasi tsunami banten ferdinand hutahaean justru muak;0
alihalihpuji presiden jokowi saat kunjungi lokasi tsunami banten ferdinand hutahaean justru muak prayforbanten;0
alapsambernyawa jokowi seperti nya pisikiater;0
alihalihpuji presiden jokowi saat kunjungi lokasi tsunami banten ferdinand hutahaean justru muak;0
alihalihpuji presiden jokowi saat kunjungi lokasi tsunami banten ferdinand hutahaean justru muak prayforbanten;0
alapsambernyawa jokowi seperti nya pisikiater;0
sangat berbahaya klu bapak jokowi terserang struke;0
stop mengolok tuhan sdh memperingatkan musibah banten sebelumnya palu lombok padang kebetulan daerah dimana jokowi kalah telak;0
akunkuasli jokowi kutu buku bro ada buku doraemon ada tomenjeri mau bukti setiap pidato baca buku;0
akunkuasli termasuk tokoh muslim sedunia jokowi tokoh muslim abalabal baca alfatihah dgn alpatekak saat;0
agungsandhi balitolakreklamasi jokowi;0
luhut panjaitan survei internal suara jokowimaruf masih lemah di banten;0
rizkidwiirfan cakkhum permainan curang untuk pilpres dan pileg kedepan cebong melompat pasti nyungsep;0
realforjkw gagal pilpres gagal rujuk;0
agungmsyeh manusiaesemka jokowi mo bantu kasih kuota tp sayang klo trnyata cm nyinyir;0
jokowi setelah pilpres gak usah ngurus negara lagi lbh baik momong cucu aja;0
dennyjaworld betul pakjokowi memang paling sederhana sampai sepatunya harga jutaansakin islami nya nyebut lakawa;0
abenasar ternyata berat bawahan jokowi gadaikan iman;0
budimandjatmiko bercerai dengan istri bukan prestasi live sujud syukur kemenangan pilpres bukan prestasi grasa grusu bukan prestasi bilang hulaihi bukan prestasitrus apa yg bisa kalian tawarkan ke saya untuk pilih prabowo;0
ariesukray maspiyuu itulah seni berperang jokowi harusnya hrs dideportasi ke indonesia krna sdh melebihi ijin tinggal kenapa tdk dipulangkan krna ada kongkalikong antara pemerintah indonesia dg saudi jika dipulangkan sblm pilpres dia hnya bikin keributan ya di tahan dulu disana;0
permainan curang untuk pilpres dan pileg kedepan cebong melompat pasti nyungsep;0
gagal pilpres gagal rujuk;0
rajapurwa fahrihamzah terus bila seseorang yang mendadak agamis hanya waktu di pilpres apa namaa fuckpencitraan tahun kemana aja loe kampret jokowilagi;0
luhut panjaitan survei internal suara jokowimaruf masih lemah di banten;0
kalo misalkan di nanti maruf amin diganti si ahok durjana penista agama boleh gak gw berharap prabowo di ganti habib infomekkah;0
kalau ada mursyid atau kiai dukung jokowi gak saya gubris saya ikut arahanarahan cak nun sinyalsinyal cak nun sangat;0
jokowi setelah pilpres gak usah ngurus negara lagi lbh baik momong cucu aja;0
jokowi selamat pak jkw semoga bapak terhindar dari dan agar selamat menghantarkan negeri ini sampai pd pilprespileg dengan aman sehingga bapak bisa lebih banyak waktu bercengkrama dgn keluarga dan tidak disibukkan dgn urusan negara yg berat amin;0
dennyjaworld betul pakjokowi memang paling sederhana sampai sepatunya harga jutaansakin islami nya nyebut lakawa;0
budimandjatmiko bercerai dengan istri bukan prestasi live sujud syukur kemenangan pilpres bukan prestasi grasa grusu bukan prestasi bilang hulaihi bukan prestasitrus apa yg bisa kalian tawarkan ke saya untuk pilih prabowo;0
sumbernya titik pemerintah salahin tuh jokowi dukung deh tuh hashtag;0
permainan curang untuk pilpres dan pileg kedepan cebong melompat pasti nyungsep;0
bercerai dengan istri bukan prestasi live sujud syukur kemenangan pilpres bukan prestasi grasa grusu bukan prestasi bilang hulaihi bukan prestasitrus apa yg bisa kalian tawarkan ke saya untuk pilih prabowo;0
maspiyuu itulah seni berperang jokowi harusnya hrs dideportasi ke indonesia krna sdh melebihi ijin tinggal kenapa tdk dipulangkan krna ada kongkalikong antara pemerintah indonesia dg saudi jika dipulangkan sblm pilpres dia hnya bikin keributan ya di tahan dulu disana;0
permainan curang untuk pilpres dan pileg kedepan cebong melompat pasti nyungsep;0
gagal pilpres gagal rujuk;0
terus bila seseorang yang mendadak agamis hanya waktu di pilpres apa namaa fuckpencitraan tahun kemana aja loe kampret jokowilagi;0
luhut panjaitan survei internal suara jokowimaruf masih lemah di banten;0
kalo misalkan di nanti maruf amin diganti si ahok durjana penista agama boleh gak gw berharap prabowo di ganti habib infomekkah;0
kalau ada mursyid atau kiai dukung jokowi gak saya gubris saya ikut arahanarahan cak nun sinyalsinyal cak nun sangat;0
jokowi tidak mampu jadi presiden;0
betul pak jokowi memang paling sederhana sampai sepatunya harga jutaansakin islami nya nyebut lakawa;0
ternyata berat bawahan jokowi gadaikan iman;0
bercerai dengan istri bukan prestasi live sujud syukur kemenangan pilpres bukan prestasi grasa grusu bukan prestasi bilang hulaihi bukan prestasitrus apa yg bisa kalian tawarkan ke saya untuk pilih prabowo;0
itulah seni berperang jokowi harusnya hrs dideportasi ke indonesia krna sdh melebihi ijin tinggal kenapa tdk dipulangkan krna ada kongkalikong antara pemerintah indonesia dg saudi jika dipulangkan sblm pilpres dia hnya bikin keributan ya di tahan dulu disana;0
permainan curang untuk pilpres dan pileg kedepan cebong melompat pasti nyungsep;0
jokowi gak becus;0
kenapa harus pilih jokowi cuma bisa pencitraan;0
tolak jokowi jadi presiden indonesia;0
maruf amin jokowi suka pencitraan aja;0
fitnah murahan kepada prabowo prabowo dituduh gebrak meja hadapan ulama umaeah hisyam prabowo;2
anggaran bmkg dipotong dpr pemerintah bertanggungjawab tsunami selat sunda pemerintah royal anggaran;2
prabowo gapapa bangapapun ane terima jgn bilang gw cebong;2
abeuh lagee rakyat aceh marah amp memburu provokator abu janda bin abu jahal alias abu bangsat krn sdh memprovokasi;2
prabowo kemaren haram ngucapin natal gmna sih aing bingung nih;2
tanya hasyim ato prabowo langsung mereka ahli menjawabnya berani klo ga diam jangan urusi agama org;2
ini rame haiti gue eh capres prabowo subianto;2
prabowo ini sih tim medsosnya cuitan beliau bgt geer aduh baca lgi biar paham;2
msapunya inilah akibatnya percaya yenny wahid ribu jembatan desa desa;2
katanya jihad harta prabowo knp kluar kota ya mending duitny prabowo sandi kluar kota dasar kegatelan;2
btw ngerayain natal keluarga nih;2
aku ucapin selamatharinatal dgn video dikatakn munafik amp kafir yg lg nyamar kma ucapin suruh istighfar;2
mohon batuan cek google negara haiti pindah benua afrika kalau pindah;2
bentak maling ahok dikecam siang malam bentak ulama prabowo didukung jd presiden lihat betapa lucunya;2
dear prabowo harapan brewok yang merindukan keadilan kemakmuran indonesia lokasi depan balai;2
gmgm mbah gmgm prabowo salah tp disana kepulauan kiribati yg jls bkn afrika terlepas dr;2
cie cieee terganggu ya blm ikhlas hasil kerja mantan mertuanya junjungannya usik pak;2
membawa hasil spt infrastruktur jalan bendungan bandara pltb dll tol laut dana desa dll perebutan saham freepodll ini inovasi cerdas ut mengejar ketertinggalan inovasix prabowo revolusi putih doang janji doang pcuma fyiprabowo sandi kena skandal httpstconpmzwtlhwh;2
gmgm prabowo bilang indonesia setara haiti sbg negara miskin coba cek google gni kepala haiti indonesia;2
prabowo pencitraan;2
selamat natal utk prabowo amp keluarga yg merayakan natal semoga natal membawa kedamaian hati selamatnatalprabowo;2
prabowo klo prabowo sandi pengusaha yg sukses diragukan lg kesuksesanya klo jokowi pengusaha mebel usaha warisan merintis nol;2
pak prabowo kurang baca buku yg asli negara rwanda sekarang sdh maju bahkan jadi sponsor di jersey;2
prabowo terima kasih prabowo ucapan natalnya doakan semoga tuhan yesus kristus mengasihi memberkati keluarga amin;2
kita lawan soehartoisme orbaisme menjual murah freepoamerika serikat gtgtgt prabowo menang akuisisi saham;2
ustad haikal yg hormati bersahabat sepenuh kekuatan mendukung memenangkan prabowo;2
prabowo sandiuno peace;2
abeuh lagee rakyat aceh marah amp memburu provokator abu janda bin abu jahal alias abu bangsat krn sdh memprovokasi;2
jokowi trennya elektabilitas turun prabowo pertanda ideasrabbani;2
khusus pa prabowo nda dibolehkan;2
masya allah lihatlah sobat antusiasme petani sulawesi tanda para petani bang sandiuno;2
lho orang gak peta bumi prabowo ajagak ngeerti letaknya haiti haiti;2
saya sukaa keributan;2
prabowo sandiuno ustad yg sok tau ya bang;2
lawan jokowi bukan prabowo;2
maklambeturah harusnya bencana kampanye pak jokowi presiden bukan capres kita prabowo natalan;2
prabowo narkosun airinnz jokowiinside haiti salah huhuu;2
kuingat saat dahulu mission impossible agen khusus pencitraan spesialisasi khusus;2
kata bapak ini kebutuhan perut lebih utama dari pada kebutuhan jalan tol beginilah nasib rakyat kecil selalu;2
sebetulnya adzab yg indonesia penyebabnya dosa;2
prabowo cuman ente untuk dilayani;2
pilpress rawan kecurangancuma ada strategi yaitu sebar para relawan mujahidmujahidah di seluruh tps di;2
prabowo sholat mencegah dr perbuatan keji munkar ngeri dipinpin orang ga solat;2
prabowo wkwkwkkwkwkwkwk tapi nyata lho bro klu gw war ma kampret berujung kedunguan;2
ooo ngerti prabowo diserang imam sholat krn dipilih ijtima ulama disambut;2
aku gak baca detil apapun ttg divestasi freeposetiap baca judul negatif ttg hatiku langsung bilang;2
gmgm prabowo belajar peta bumi haiti bukan afrika benua amerika karibea;2
cie cieee terganggu ya blm ikhlas hasil kerja mantan mertuanya junjungannya usik pak;2
sekedar prabowo haiti benua amerika benua afrika hehe;2
salah meme prabowo sholat gak selain foto hasil suntingan meme menyertakan bukti;2
pendukung prabowo amp sandi stresssssss pak joko widodo presiden ri turun langsung kebawah;2
orang ko sih capres haiti afrika;2
jangan pedulikan ulama prabowo selamatnatalprabowo sarmawan hasimsolih;2
prabowo ulama oposisi yg ente maksud boss memangnya ulama oposisi;2
astagfirullah ya allah pemahaman model toleransi yg kebablasan cc nahlachery;2
msapunya politik uang mungkin jawaban rakyat acara dihadiri capres;2
mau bagibagi amplop juga bebasbebas dan ternyata motivasi mereka berbebut mau bersalaman karana ada;2
mungkin maksud pak prabowo kondisi sepak bola nya mas maaf;2
prabowo takut yah terbuka herisnarya isi mou nya sby silahkan org demokrat jgn kebodohan yg mudah perlihatkan gratis;2
pendukung pak prabowo sandi terpaksa dibayar ihklas utk perubahan rakyat adil;2
tuh liatin prabowo ngk bsa baca alfatihah fahri kasihan ya;2
jeritanrakyatkecil yg nikmati tol kebutuhan perut lebih utama dari pada kebutuhan jalan tol mari;2
izin prabowo haiti terletak benua amerika afrika saya diculik ya maaf sekedar;2
prabowo kayak gini bikin malu sih;2
prabowo inkonsisten menyenangkan mbak jd biarin aja mainan kl ngga yg yg disana ngga pendukung apalagi tuhan suka ganjil mau gimana;2
prabowo pksejahtera gerindra elu dah islam katolik lu de;2
gmgm gerindra prabowo merauke barat indonesia;2
prabowo narkosun airinnz jokowiinside dulu prabowo sekolah si haiti belon lahir;2
minta pendapat aagym ustadtengkuzul dkk hayo garang yg ngucapin;2
padahal bilang pki gabung kelompoknya goreng isu pki tangkap yg bilang kader pki biar;2
prabowo sandiuno maksud beliau tujukan muslim yg umat nasrani bang;2
prabowo rizmawidiono narkosun airinnz jokowiinside jokowers tau letak haiti seberang laut tp tutup mata tutup hati pd realita nyata kemiskinan mata duh;2
alam itu jujur hadapi dg jujur mbahronomerapi jujur aja tsunami mah tsunami aja punteun sy disebabkan;2
ngebelain prabowo sampe segitunya haha gausah jokowi keleeeessss haha;2
kaburnya prabowo yordania menghindari proses hukum menghindari malu itu;2
prabowo kaum tapir kek gimana ya saya kepengen tau deh;2
jalanpasti dijelek jelekinwalaupun ngak pake amplop isi keadilan kemakmuran;2
kpu abaikan masukan tim prabowo sandi dlm perbaikan dpt dpt ganda justru naik kali ribu menjadi ribu pada;2
jokowi trennya elektabilitas turun prabowo pertanda ideasrabbani;2
tambahan bro uki haiti nda masuk benua afrika monmap pak prabowo;2
fadlizon prabowo trus gmn sholat rumah bareng keluarga apa ngundang ulama kyai;2
debat seru rockygerung vs ngabalinali otak ngabalin tdk kuat menahan serangan oposisi otaknya;2
oh iya met natal capres kristen prabowo subianto selamatnatalprabowo ohyayaya rizalalmaun dpcpasuruan;2
prabowo sandiuno sy berusaha utk tdk percaya bhw akun resmi ust haikalhassan astaghfirullahaladziimm;2
dan lagiapa sy prediksi twit sy pagi nongol model bener dah;2
kalau ngibul aja prabowo biar;2
prabowo hiyaa hiyaa hiyaa;2
akuisisi saham pt freepoindonesia persen inalum dinilai langkah terbaik opsi;2
dah baca aturannya yg nentuin wakil ente takut protes prabowo tinju meja;2
hai pejuangfpi kalo prabowo ngucapin natal ngga haram ya haram berlaku jokowi ya;2
prabowo sandiuno jokowi ngimpi ya gaada catatan sejarah yg dibanggakan;2
prabowo kayak analisis bisabisa indonesia bubar;2
sewordcom kita indonesia setingkat negara miskin benua afrika rwanda haiti pulaupulau kiribati;2
selintasasa fadlizon prabowo saya maunya presiden imam sholat;2
ophunkdoank dahnilanzar faldomaldini metrotv yunartowijaya mediaindonesia berani anggap prabowo murtad gakmingkem khan;2
saya bangga berindonesia kristen prabowo gerindra bs jd capres demokratis coba selamatnatalprabowo tsukinoo donaldsiahaan harismz;2
jokowi hahaha kualitas pendukung prabowo mah yg dibahas bisanya nebar kebencian manusia skolah gak ngambil pointnya bodo timses kubu membela kepala negara negara cintai;2
gerindra pdip samasama partai nasionalis kalau prabowo menang koalisi besarnya pdip golkar mana berkoalisi fpi sekarang fpi and the gank karna butuh suara;2
yanuyasha fadlizon prabowo ok pak pak jokowi terbaik;2
gmgm itu kesimpulan mbah yg prabowo bgm dgn orang yg mbah agungkan terkait bohong;2
prabowo tuding indonesia miskin bank dunia justru sebut utang ri tak besar;2
prabowo emg bang rupanya saya blok sm nih org;2
prabowo dasar kamfret;2
adsastrawidjaja hai pejuangfpi kalo prabowo ngucapin natal ngga haram ya haram berlaku jokowi ya;2
gmgm prabowo belajar peta bumi haiti bukan afrika benua amerika karibea;2
sandiuno ketersediaan stok bahan bakar solar yg langka nelayan terpaksa melaut menghambat perekonomian akan keluhankeluhan kpd pak prabowo pembelajaran;2
kaget lihat haiti trending topic kirain bencana ternyata pak prabowo ngomong haiti afrika padahal haiti amerika utara nenek moyangnya yg diboyong spanyol ma prancis afrika barat amp tengah;2
fadlizon prabowo jangan milih pemimpin nggak konsisten beragama;2
khusus pa prabowo nda dibolehkan;2
fadlizon prabowo yang terbukti jokowi prabowo bicara bocor bubar punah;2
rajapurwa gmgm prabowo mak jlebkalau negeri wajar salah negri yg nyanyikan aj;2
evayanuarita prabowo maaf prabowo koq tolong diviralkan ya;2
sembilan alasan menolak prabowo httpstcoqzdhnrhqtd;2
thearieair korban pernah kabur prabowo tak pantas capres;2
totonnasihin fadlizon prabowo pokoknya tetet jokowititiksitu cium aspal lagi titikwkwkwkwkwk;2
sembilan alasan menolak prabowo;2
bahahahahaha yg menyerang pribadi prabowo;2
serius pengen apa yg dengar gerombolan sebelah teriak prabowo cs antek asing amerika kenapa;2
arsunrodja fadlizon prabowo zon prabowo tp jokowi lakukansaya milih yg lakukan;2
ustadtengkuzul ustad tausiahnya promosiin prabowo jelekin jokowi kamu ustad salesnya prabowo sih;2
liked youtube video prabowo marah tinju meja berkalikali depan ulama diungkap usamah;2
fadjroel lebih pencapresan prabowo yg tinjau ulang;2
liemid katanya prabowo yg merencanakan kerusuhan pasca pilpres duluan brutal;2
angismay atabdillahtoha saididu prabowo lah emang knp kl gak icon nyengirnya loe sdh panik dg kegilaan kelompok loe yg;2
saya sejalan dukung prabowo kecewa tweet isi tweet publish berpikir terluka perasaannya empati simpati dibutuhkan diam merayakan saya memeluk islam;2
nie uda menyesat pemilih tanyangan berita sctv relawanprosandi ketummilitan barapas prayforbantenlampung saveuyghur;2
habibthink serem banget;2
thearieair lha emang prabowo penculik kalo bilang prabowo tuh penculik bohong;2
kangngabei jokowi mrsluthfib armawaras prabowo wkwkwk kepala mu wowo pencak silat nebeng nama ggk bikin;2
prabowo sandiuno ustadz radikal dijadiin temen ya gini kepercik muka deh;2
senorjoey prabowo hahahaha;2
mosthafavi kayaknya prabowo abis giting ama rockygerung abis melekan td malam;2
kangmeirza yradianto badjanuswantara heniunique siswantiyeni dwiyanadkm rizmawidiono murtadhaone karena prabowo tau kapasitas pendukungnya emang segitu;2
gmgm tolong lupakan mengantar menonton video full prabowo pendukung jokowi giat menyebarkan prabowo bikin orang penasaran gimmick nggak visa ditiru jokowi jokowi nggak visa pidato;2
indonesia harus jadi penguasa atas diri nya sendiri indonesia harus punya martabat jangan jadi bangsa pengemis;2
senorjoey tambahan bro uki haiti nda masuk benua afrika monmap pak prabowo;2
kangsemproel prabowo sandiuno setuju ane  keyakinan beda iman bedatapi tujuan memenangkan prabowo pak sandiuno pd pilpres kejayaan nkri semangat ya pakjgn;2
mdartoyo ganjarpranowo prabowo otak konslet ya;2
putihhsalju prabowo sekedar prabowo koq tolong tersinggung;2
prabowo yang gila;2
owaala yradianto prabowo gerindra saya kalao prabowo presiden indonesia punah jauhkan bala negeri ya tuhan;2
kangmeirza mohon batuan cek google negara haiti pindah benua afrika kalau pindah;2
merdekadotcom berita aja berita prabowo menang telak jatim udah bikin ketawa capek tauuuu;2
rajapurwa gmgm prabowo iya ya merauke ujung barat indonesia mbah gmgm dimana ya msh sdg belajar peta bumi;2
ucapan natal larang antribut natal sweeping giliran prabowo merayakan natal diam ternyata;2
akbarpalentino prabowo dalil dalil liburkan mas tanggal merah;2
ellykellyk senorjoey prabowo untung gk keceplosan nyebut wakanda;2
gmgm ah hoax lu kek prabowo bilang ngarang digoreng gembira menyedihkan kek;2
fadlizon prabowo sekarang agama prabowo selamat natal prabowo;2
fahrihamzah om fahrihamzah apa statmen prabowo statmen ustadabdulsomad seriusbertanya;2
ini pesan dylan sahara mendampingi cawapres sandiuno dengan terpilihnya prabowo subianto sandiaga;3
pollinglagi siapa integritas wiranto like prabowo subianto retweet;3
imanlagi fix dah gua ga milih prabowo;3
coba sobatku bekasi suaranya;3
sugiantozahira prabowo gerindra seventeenifan innalillahi wainnailaihi rojiun semoga husnul khotimah aamiin;3
sudjiwotedjo yo negatif positifnya mbah kalo berpikir positif khusnuzon rezim tinggal dengerin ekonomnya jokowi kalo berpikir kritis ya dengerin ekonom dukung prabowo gitu aja gak tau heuheuheu;3
mochamadarip ok skrg posting prestasi prabowo fitnah michelaniaadam rizmawidiono ;3
mahendradatta saya sholat fardhu berjamaah prabowo yg lainnyaterakhir gedung pusat majelis tafsir al;3
yosephpmr fahrihamzah pak prabowo ayo berubah disuruh fahrihamzah;3
apakah setuju tjahjo kumolo mundur bentuk pertanggungjawaban tercecernya ribuan ektp yg;3
prabowo sandiuno arlexwu alhamidichal titieksoeharto hparel michelaniaadam waalaikum salam salam rmk relawan eropa;3
tak lupa selamatnatalprabowo prabowo keluarga besarnya semoga damai menyertai ebangkasih khasaninoor;3
sangtiand habibthink yunartowijaya crishnady kurawa pak prabowo dipikirkan ucapkan kalau blunder rugi pemimpin pandai informasi bikin rugi negara;3
perbedaan keyakinan menyurutkan anak bangsa negeri yg adil makmur menghormati mohon maaf bang jansen mari songsong cahaya terang benderang bergandengan tangan;3
jujurlanjutkan fadlizon prabowo selamat natal prabowo amp keluarga damai indonesiaku kalah pilpres ntar gak;3
elangbc prabowo pk jokowi bgnilh besar nya harapan rkyt kpda pk prabowo utk jd pmimpin mrka krna slma mrka liat pmimpin mmperhatikn rkyt nyakrna sdh trkontaminasi olh kaum liberal kapitalis dn komunis pancasila hnya simbol nya ngra tp implementasnya dri hrpan rkyt;3
atabdillahtoha jika prabowo menangpasti koruptor diberantasdan penjilat ditenggelamkan;3
sandiuno semalam kumpul bareng warga kabupaten gowa kalegowa somba opu sulawesi selatan semangatnya ini menambah;3
untuk berhenti bertikai politik tolong tolong panggil jiwa kemanusiaan sudahi berkabunglah memiliki darah yg dgn korban;3
marlinaidha stikerin pepes warung nasi yg mantap pilih prabowo sandiuno trimksh mak anna dr pepesofficial bogor kab tlh;3
lisaamartatara ini emak lucu milih tergantung bapaknya bapaknya panggil alhamdulillah bapaknya pilih;3
rajapurwa good job bu dokter lisaamartatara mobilisasi kemanakemana sosialisasi prabowo sandiuno;3
detikcom saya gerindra berduka cita sedalam dalamnya meninggalnya pejuang politik dylan sahara prabowo;3
tawajkt dukungan golkar kpd koruf jokowimaruf gerbong kosong memilih prabowo sandi contohnya;3
sudjiwotedjo pagi pak jokowi amp pak prabowo menyenangkan bagiku aku senang gaya pak jokowi ketawa dadanya;3
dewkemalahayati bersemangat dorong meski liburan pepesofficial pasuruan trs sosialisasikan;3
uiugmitbipb itsunpaduin ciputat univ nasional akan deklarasi mendukung prabowosandi;3
tak terbantahkan dimanamana sambut meriah kedatangan cawapres sandiuno bukti kongkrit;3
marlinaidha mak mudah dr pepesofficial banjarmasin pedagang ikan asin psr martapura stiker pepes prabowo;3
kangnawan ini kubu pak jokowi panasdingin bagaimana sby negarawan senior kejelian;3
zulbayli biar adil ucapan prabowo heheee;3
terimakasih prabowo;3
sandiuno ketersediaan stok bahan bakar solar yg langka nelayan terpaksa melaut;3
syakiraardani  pak prabowo berani jujur mengakui kekurangannya dlm ilmu agama islam yg dianutnyasebagai muslim tugas mengingatkandan beliau tipe orang yg sok pintar ilmunya;3
ulinyusron haikalhassan wah twit gini bikin pendukung pak prab pak jokowi nashrani mikir prabowo;3
pengakuan prabowo imam shalat;3
rahmathplubis petjah lagi lagi petjah kunjungan bang sandiuno kendari sulawesi tenggara;3
ustadtengkuzul ada anggota dpr bertanya apa sih prestasi prabowo pemerintahan pertanyaan aneh sehubungan orang yg ditanya;3
dimasakbarz setelah menempuh kilometer jakarta amp menempuh kilometer kota makassar malam ketemu;3
prabowo mantul mak ainicahyamenginspirasi kendari sultra tapi blm follbeck lho sesama emak;3
marlinaidha mak santy dr pepesofficial lampung kepung desa sumber agung bandar salut dngn emak pepes pemberani;3
haiti letaknya iya prabowo njenengan salah sich hehe bukan benua afrika benua amerika;3
amienmakmoen prabowo ini dimana ya;3
fadlizon prabowo nggak rakyat indonesia membutuhkan presiden yg memimpin sholat trhdp anak amp istrinya;3
fahrihamzah pak prabowo ayo berubah disuruh fahrihamzah;3
swulll prabowo sandiuno fadlizon harysantana dahnilanzar makasih mak pepes;3
owaala brand finance nation menempatkan indonesia urutan dunia negara dgn value fantastis mengalahkan singapore;3
fadlizon prabowo smart;3
sandiuno prabowosandi fokus menggerakan perekonomian rakyat perciptaan lapangan kerja menghadirkan hargaharga;3
prabowo ini team dokter gerindra ya tsunamiselatsundadukabangsa;3
ustad haikal yg hormati bersahabat sepenuh kekuatan mendukung memenangkan prabowo;3
sandiuno ke prabowosandi mendorong produkproduk negeri bergantung impor dengan;3
rrabrusun indonesia kuat indonesia bangkit injak bangsa mari berjuang prabowo;3
prabowo knpa ngotot capres knpa percaya generasi muda sukesor;3
abumumtazhakim pilar kesejahteraan rakyat prabowo sandiuno share;3
capres dipercaya didukung ulama natal bukan bertoleransi;3
prabowo alhamdulillah terima laporan tim dokter keliling prabowo menyapa besok pagi berangkat lokasi bencana;3
imanlagi kalau gue prabowo dah gue sikat nih tim medsosnya;3
kangnawan ini kubu pak jokowi panasdingin bagaimana sby negarawan senior kejelian;3
faqirajmain prabowo junjungan aman aman aja tuh;3
pawlingnih kaget lihat haiti trending topic kirain bencana ternyata pak prabowo ngomong haiti afrika;3
alfarirudi bpn prabowosandi temukan ada satu kk beranggota orang httpstcoqmrcinxufr;3
mau mas gunromli acara ya apa bukti menyerah mohon ya kami;3
catatan eko kuntadhi jihad nyumbang dana untuk prabowo sandi;3
catatan eko kuntadhi jihad nyumbang dana untuk prabowo sandi httpstconnoxcdkizl;3
prabowo dokter keliling layanan korban bencana tsunami warga tinggal disekitar;3
kq ngamuk ini yang dibilang prabowo mau ciptakan kerusuhan kenapa bukan bapak prabowo gerindra yg buat;3
fadlizon mau cari imam sholat serahkan pd ulama kyai ustad yg mumpuni ilmu agamanya mau cari presiden yg membawa;3
fadlizon prabowo kepemimpinan yg dipimpin hikmat kebijaksanaan permusyawaratan perwakilan sikap kepemimpinan beliau membawa negri lg;3
ini pilihanku httpstcomxejtdsdbs;3
ustadtengkuzul yasudah sy prabowo imam sholat hidupnya sebab membutuhkan presiden yg memimpin sholat minimal manjadi imam keluarga;3
swulll tercyduk emak pake tas pd langsung emak pepesinaje langsung sosialisasi prabowo sandiuno eh emaknya setuju jaman;3
swulll pepeskepung edisi putihkansolo ps gede solo nenek bingung pilih nama prabowo tp;3
karena tw didaerah basis prabowo;3
sandiuno ketersediaan stok bahan bakar solar yg langka nelayan terpaksa melaut;3
akuntofa agar netijen petahana apapun yg prabowo kalian elok memaksakan kehendak;3
alfarirudi bpn prabowosandi temukan ada satu kk beranggota orang httpstcoqmrcinxufr;3
zaeffendy mbahuyok aamin yaroballalamin prabowosandi;3
nafas perubahan sandi relawan kerja keras mewujudkan hasilnya serahkan;3
relawanprosandi bikin kolam panas cukup jempol kalian bicara kami militan utk prabowosandi bikin nachiro;3
pambuditri prabowo mantaaaap klo prabowo yg ngucapin gak yg berani auto murtad klo protes digebrak;3
masya allah ditengah haul gusdur jumat des alumnus ponpes tebu ireng deklarasi menjadih;3
radplague logical fallacy golput memenangkan prabowo yg berkuasa petahana intoleran petahana berkuasa kritikan tdk pemerintah tp hrus berimbang kontestan pilpres yg jg capres pengambil kebijakan;3
swulll pepeskepung pepesofficial riau keliling kampung pasar dupa riau untuk mensosialisasikan;3
ronironneironi terus ga yg pak prabowo lakukan ditiru untuk contoh gambar meniru;3
prabowo terima kasih elemen partai gerindra pendukung prabowosandi sigap bergerak aktif;3
rpssumsel insyaallah mayoritas palembang memenangkan prabowosandi pilpres terbukti spanduk pemenangan;3
pettcaaahhh bang sandiuno disambut warga takalar jeneponto sulsel cc gerindra;3
terima kasih prabowo ucapatan selamatnatal tak dengarkan ulama mengharamkan ucapan selamat natal selamatnatalprabowo theandrexxx fajaristan benedictusaping;3
pengawaskpk syachawin ini ini political will presiden terpilih mestinya prabowo jadikan sbg salah janji kampanye pulangkan tka dll menang;3
ammaksum berikut rincian temuan data bpn prabowo terhadap data jawa timur pada pilpres yang menemukan kk berisi;3
relawanprosandi temans dan sahabatsahabat yg nasrani kita akan tetap besahabat kita tetap saudara sebangsa dan setanah;3
sandiuno ke prabowosandi mendorong produkproduk negeri bergantung impor dengan membangun industrinya jeneponto kota penyuplai garam nasional;3
sandiuno prabowosandi fokus menggerakan perekonomian rakyat perciptaan lapangan kerja menghadirkan hargaharga bahan pokok stabil terjangkau;3
sandiuno semalam kumpul bareng warga kabupaten gowa kalegowa somba opu sulawesi selatan semangatnya ini menambah semangat prabowosandi memperjuangkan harapan rakyat ekonomi indonesia;3
begini tohproses sang model ambil posisi dan pose yang pas buat raja pencitraan;3
msapunya inilah akibatnya percaya yennywahid ribu jembatan desadesa;3
selalu menyedot perhatian emak nih bang sandiuno kemanapun berkunjung perhatian khusus kaum hawa untuk;3
prabowo supaya ente cerdas bacalah kultwit prof mohmahfudmd hindari yg mulut si prof abalabal rocky gegerungan;3
mengerikan memang militansi maung bandung utk prabowosandi bikin merinding tak media berbayar meliput;3
yusufdumdum disini memilih kualitas agama payah buktinya baca alfatihah aja selip tetapi kemampuan akademis kemampuan bahasa ekonomi prabowo melampaui maaf aja;3
relawanprosandi beginilah rakyat butuh perubahan kendari peeeetttjjaahhh momen;3
inas duga isu uighur sengaja dihembukan kubu prabowo serang jokowi;3
kasanmulyono sambut kedatangan sandi emakemak kendari teriak ganti presiden;3
kasanmulyono sandi dipaksa resmikan posko prabowosandi jeneponto;3
mochamadarip michelaniaadam rizmawidiono  asapardan airinnz fagtng badjanuswantara thearieair jengkelin bodoh tanyain to prestasi ama yg bertugasyaitu jokowi knpa prabowo kalau prestasi prabowo kopassus wkwkwk dasar ebong yunior ama senior otak sm campur tai;3
edharrie fadlizon prabowo gw cari presiden yg bawa indonesia adil makmur bisa imam sholat;3
sandiuno semalam kumpul bareng warga kabupaten gowa kalegowa somba opu sulawesi selatan semangatnya ini menambah;3
widkptb biawakbuas pksejahtera pepesofficial lembagaf gnpfulama ustadtengkuzul akuntofa anonlokal mbahuyok;3
dulatips prabowo sandiuno simak video selesai gagal paham baca surah maryam pak quraishihab ceramahnya menyejukan berwawasan luas sempit pikirannya dilemma nya dituduh syiah liberal bla bla bla cc haikalhassan;3
terus ga yg pak prabowo lakukan ditiru untuk contoh gambar meniru silahkan jalankan kegiatan keagamaan monggo;3
jokowiinside rasa prabowo menulis buku paradoks indonesia lisan perbuatannya;3
lanjutkan perjuanganmu prabowo selamatnatalprabowo siscakhellya;3
merry christmas prabowo kedamaian hadir hati bumi selamatnatalprabowo syifaularrazi;3
fadlizon prabowo dlm memimpin salah satunya jiwa seni bagaimana seni ukiran meja;3
akaiclan generasi pemuda kabah gpk khittah sleman pendukung prabowosandi beretika melewati perkampungan menuntun;3
dewkemalahayati bersemangat dorong meski liburan pepesofficial pasuruan trs sosialisasikan;3
selamat natal pak prabowo semoga tuhan memberkatimu selamatnatalprabowo arfrldi halqaqaa;3
merry christmas prabowo damai selamatnatalprabowo choesuryana amokarmana;3
merry christmas prabowo kedamaian hadir hati bumi selamatnatalprabowo letmanabi;3
atabdillahtoha insyaallah prabowo presiden ikhlas aamiin;3
selamat natal pak prabowo semoga damai hati damai bumi selamatnatalprabowo;3
kunjungi jeneponto sandiaga diadang tengah jalan;3
twitopini terima kasih pak prabowo selamat natal utk bapak amp keluarga yg merayakan natal semoga natal;3
jiminandri telatepin sydsalesman prabowo;3
herisnarya lukmannhy siharmhsitorus noressnors riskaeuy prabowo kalian gak faham freepolagak nya sok tau pahami mou yg sby menjelang lengser tanya yg dgn pemangku kebijakan cerdas;3
begini tohproses sang model ambil posisi dan pose yang pas buat raja pencitraan;3
haikalhassan lah prabowo amp bang sandi jg ucapin selamat kelahiran jesus beh bijimane beh kena sindir jg dah jdnye;3
prabowo maklumin aja pak lulusan;3
gerindra viral siswa sma sumbangkan tabungan prabowo subianto sandiaga uno httpstcoqnhvjlqmtu cc;3
sambut kedatangan sandi emakemak kendari teriak ganti presiden;3
teukatuah anggaran bayar bunga utang pemerintah sudah jebol kementerian keuangan kemenkeu mencatat pembayaran bunga utang;3
koalisi faktor agamatoh prabowo presiden tetep prabowo pakai fatwa ulama yg membolehkan pendukungnya fatwa ulama yg melarang;3
pribumiantipki prabowo sandiuno beda pendapat beda keyakinan tapi;3
liemid mantan ketua timses jokowi yakin prabowo bisa menang sulsel meski tanpa jk syamsul bahri sirajuddin jokowi;3
prabowo maaf haram hukumnya umat islam selamat natal aqidah mengakui trinitas baiknya perdalam ilmu agama maksud menggurui sekedar;3
tawajkt kubu prabowo solid dgn koalisinya konsolidasi tingkatan sedangkan jokowi;3
detikcom prabowo baru belajar wudlu aja sih belajar sholatnya selesai;3
sahabat update informasi seputar kegiatan prabowosandi tv senin jumat pukul wib live youtube;3
terima kasih prabowo ucapatan selamatnatal tak dengarkan ulama mengharamkan ucapan selamat natal selamatnatalprabowo tolengp afhddd;3
apa yg simalakama mas sdh yg prabowo natal keagamaan yg diakui resmi negara sehingga;3
anonlokal survai denny ja terbaru tgl desember pasca reuni monas elektabilitas prabowosandi cenderung;3
prabowo jiwa toleransi;3
kuingatsaatdahulu mission impossible agen khusus pencitraan spesialisasi khusus;3
michelaniaadam kalau paham teknik kampanye fokus angkat sisi positif prabowo sandi viralkan;3
prabowo sandiuno setuju bang bentuk toleransi membiarkan bang  utk melaksanakan ibadah abang dan abang menghormati agama salam hormat bang;3
sby turun gunung kubu jokowimaruf panik httpstcozugqttfwnh;3
bapak prabowo kami relawan peoln berjuang karna tdk indonesia alhamdulillah bantuan;3
sandiuno ke prabowosandi mendorong produk produk negeri bergantung impor dengan;3
fadlizon prabowo insyaalloh ara santri neng idolakan yg sepuh yg penuh arifan tauladan cek lokasi sarang allumni insyaalloh saman wathoatan yg sepuh muda yg kepentingan politik kekusaan;3